{"1d1gT59QEBwXDS": {"y": -0.3063834875345344, "x": 0.5156151245620731, "radious": 0.5997747894926782}, "cE609jH9JPthvS": {"y": -0.6713790410298117, "x": 0.012993783224528913, "radious": 0.671504769258265}, "bEqZ7GZZp6rJZ9": {"y": 0.6542628345742992, "x": 0.261294421837887, "radious": 0.704510206873394}, "6WGQfsdFSkN6C2": {"y": 0.6003176744276602, "x": 0.30837483218826883, "radious": 0.6748898779485266}, "1J8GQZRSzaN3es": {"y": -0.31271534060287437, "x": 0.4121493487622481, "radious": 0.5173567143987956}, "17jGfTCFRKF1tr": {"y": -0.09191453780635794, "x": 0.576428019958739, "radious": 0.583710154489117}, "2nPEVNKYNk8pHM": {"y": 0.41476503196775694, "x": 0.6167612394868187, "radious": 0.7432526207666753}, "5sKqt3WAqk5ew6": {"y": 0.5858315100361682, "x": 0.09880559340693873, "radious": 0.594105296592914}, "bzpgTKen5xmQts": {"y": -0.5040113479023878, "x": 0.3418572343563797, "radious": 0.6090105150949157}, "3KnaZgmsggnJH4": {"y": -0.1620845870747196, "x": 0.7600950644172567, "radious": 0.777184611478287}, "ck4QFDK3p2kKah": {"y": 0.4940938817988387, "x": 0.29256820845450937, "radious": 0.574216788877969}, "vb8hHg7HKjSRh": {"y": 0.3652963218333223, "x": 0.4048253681116935, "radious": 0.5452751428514987}, "150nNeCYWSaSkH": {"y": -0.539919636603986, "x": 0.2817667236574753, "radious": 0.6090202792610837}, "cWXBD6B7VvYRpc": {"y": -0.4062826071847351, "x": 0.6257291850096196, "radious": 0.7460580204472227}, "1aftd786NFRbH1": {"y": -0.06568194531042647, "x": 0.6735829532080321, "radious": 0.6767777425360676}, "7R2t0GBzeXAh8Y": {"y": -0.6398153276646206, "x": 0.3163818722999893, "radious": 0.7137654675274172}, "SKeV3SKC3VVQq": {"y": 0.22965531957750235, "x": 0.683927508964024, "radious": 0.7214557528552806}, "d9kjarxbVF9cgP": {"y": 0.6056099530993547, "x": 0.3995716209710675, "radious": 0.7255486858774186}, "7Fstcnh2qzaHgw": {"y": 0.1481906415874763, "x": 0.7327596353180876, "radious": 0.7475942411533175}, "cvWEY6DP8ay9eF": {"y": -0.43658766016132433, "x": 0.5093773923038171, "radious": 0.6708756313918227}, "bbQqaFvZrVdaWn": {"y": -0.555449367441399, "x": 0.27540882178358217, "radious": 0.619979047151814}, "cmvCgRSYHhWsnq": {"y": -0.45588368804622686, "x": 0.06544623159558226, "radious": 0.46055742992236276}, "1SChjEs7mvx643": {"y": 0.8069256149666791, "x": 0.5906530723789111, "radious": 1.0000000000000002}, "c5MMkc80DTQzCh": {"y": -0.659436719073497, "x": 0.09282964347036311, "radious": 0.6659385325758324}, "35ExtQrMRhPDD": {"y": -0.279945003414036, "x": 0.47189303103524066, "radious": 0.548682273885453}, "brS0Te2SGWWXyZ": {"y": 0.5831607520297579, "x": 0.28301425576775774, "radious": 0.6482079386089703}, "64p5cazP9pfYZt": {"y": 0.20872346324009897, "x": 0.6859708758273556, "radious": 0.7170226820612373}, "e29XXN1MPRct8n": {"y": 0.28152272323993505, "x": 0.5896001002017465, "radious": 0.6533630857787563}, "1QPrJY1j4KDp26": {"y": -0.6620359020369891, "x": 0.25017373012263805, "radious": 0.7077276530060165}, "r5Jem3dRyKZTm": {"y": 0.5794819940766345, "x": 0.3663603470897965, "radious": 0.6855795252038882}, "2P8SQC4gd7J7jY": {"y": 0.12745819158205574, "x": 0.5510688435342794, "radious": 0.5656168852815271}, "W0AYBvKtSZwex": {"y": -0.3472160891128587, "x": 0.39627615295706053, "radious": 0.5268717129826541}, "32PPQpVJEak5y6": {"y": 0.05220939025560332, "x": 0.6835125553974348, "radious": 0.6855036351594302}, "5evGVznWChMAkp": {"y": -0.09072857783398378, "x": 0.7345818410964368, "radious": 0.7401636009048324}, "nPDvyfVFYMRQv": {"y": 0.670826125453881, "x": 0.10669448924608002, "radious": 0.679257980907805}, "cfhAKcK46JgcpB": {"y": 0.19448730832475417, "x": 0.3161014542043552, "radious": 0.37114073132642833}, "dDqzmagD0zKHWh": {"y": -0.1245322064074885, "x": 0.6551948987615418, "radious": 0.6669247527239218}, "1mmkswkz76bpbD": {"y": 0.30512322390754243, "x": 0.524415361049954, "radious": 0.6067220555352227}, "h3QcCdW3xr3D0": {"y": -0.21475675674524053, "x": 0.61290748014554, "radious": 0.6494428718417732}, "3wvAbW4agRjC42": {"y": -0.5910149464712314, "x": 0.2757926697266733, "radious": 0.6521964915785414}, "3b4WrwMK7hC0c": {"y": -0.059022613683404425, "x": 0.7083406531207193, "radious": 0.7107954345587115}, "dpcFBVp4rF328V": {"y": -0.5086488982720879, "x": 0.45741214300484695, "radious": 0.6840683959091338}, "58XTTkSA28w84c": {"y": 0.5563962335336876, "x": 0.5238956156262946, "radious": 0.7642273122330345}, "e1Vbezh9KagTSp": {"y": -0.6328712623402614, "x": 0.3664129392362712, "radious": 0.7312895984053919}, "2eeCs0XjpX90BG": {"y": 0.06912183822949464, "x": 0.7323928808172184, "radious": 0.735647442999681}, "cdSqNTNnfYn7zS": {"y": 0.34953897735150063, "x": 0.3700741300167559, "radious": 0.5090504477903851}, "xQNMJgwbsnAzX": {"y": 0.07904569632699046, "x": 0.43866472574730025, "radious": 0.4457296980489105}, "463AXnCDcqanpg": {"y": 0.6119009167319719, "x": 0.017354780356051695, "radious": 0.6121469760593728}, "aZFg4VWG72FbS": {"y": -0.450555015375816, "x": 0.44039110939774095, "radious": 0.6300350395945251}, "27Q6aXXqEntS58": {"y": 0.07543428059290204, "x": 0.7137008574910365, "radious": 0.7176762812522157}, "4SnvJaBCBJkTAr": {"y": -0.6334848754267759, "x": 0.14117377835984002, "radious": 0.6490247476721293}, "bhyj68fJh07kkS": {"y": -0.33243965244016943, "x": 0.5910618077226801, "radious": 0.6781372892438102}, "4bs0eqbkG8qccY": {"y": -0.3225476090205902, "x": 0.5233036463321953, "radious": 0.6147224303289013}, "dMbdHbkjEVFvWh": {"y": 0.6742110707707276, "x": 0.26170439128466105, "radious": 0.7232217891957391}, "det1hDtzmBDtvD": {"y": -0.6103869146642023, "x": 0.13082817071465025, "radious": 0.6242501068048173}, "crhQWmb8RdJNvb": {"y": -0.039145561763504116, "x": 0.5794482896066034, "radious": 0.5807690550759385}, "PJh5XvNJMqY1e": {"y": -0.6102806965234645, "x": 0.17868402920416201, "radious": 0.6359013373486478}, "aTG02ak3yjEtJ": {"y": 0.17874035185479942, "x": 0.6549077147197004, "radious": 0.678860978537254}, "7bmQskZNeVmnv8": {"y": 0.5296313895831322, "x": 0.4037839211197332, "radious": 0.6659961439727609}, "d1tvHzQTGh7ZDS": {"y": 0.005672203564383742, "x": 0.5355114214336678, "radious": 0.5355414609338695}, "1CzTqQgV7kgsKq": {"y": -0.6099159147671784, "x": 0.038537019437048355, "radious": 0.6111321665183199}, "dtB9Y1S18jaTqf": {"y": 0.6472159710673554, "x": 0.24974758439387154, "radious": 0.693730761257733}, "dYSj4qSWeGmajn": {"y": -0.3160910377698997, "x": 0.5951430466052534, "radious": 0.6738759456168731}, "cadk020qnEqNcx": {"y": 0.6480953451030261, "x": 0.33188609633762833, "radious": 0.7281318268599719}, "51drVhXV7EcXVM": {"y": -0.5464699915572476, "x": 0.40012737598671216, "radious": 0.6772971051810203}, "beGt8dQkzg586r": {"y": 0.7680203386274835, "x": 0.08164198956321456, "radious": 0.7723474962769766}, "1VvDA2vmBvefbH": {"y": -0.5499770804108327, "x": 0.32452664168777545, "radious": 0.6385861963293361}, "4GKManzR4SMB6A": {"y": 0.49973756677874676, "x": 0.46008059013796204, "radious": 0.6792729827334794}, "bxkhQcjR3qKJcY": {"y": -0.6470684009184557, "x": 0.17107558796182462, "radious": 0.6693014061419947}, "5K9BTFG0GKxJB": {"y": -0.24266656037232678, "x": 0.5273853501089811, "radious": 0.5805362753803665}, "7588tj6W0m3crg": {"y": 0.31265850224589753, "x": 0.6578578325264819, "radious": 0.7283764595613237}, "VbgYpzs7hA6Sp": {"y": -0.3726217871385749, "x": 0.4856239356798337, "radious": 0.6121091431726181}, "6x388PneTa3m9y": {"y": -0.4661883580839636, "x": 0.7338496778658372, "radious": 0.8694060817114261}, "1dN0mvFpQ3VM1p": {"y": -0.6976334641778065, "x": 0.3142495133311948, "radious": 0.7651439125874423}, "5PxSs7PGRdpwc6": {"y": -0.3313653527368419, "x": 0.6980402203601281, "radious": 0.772698612807625}, "ctQnCCzBFG2F0Y": {"y": 0.7504210192321532, "x": 0.2757576609499164, "radious": 0.7994835793673267}, "ExqzEzN1tzrfp": {"y": 0.2596566670607072, "x": 0.6080442212507899, "radious": 0.6611651531543042}, "5mjyr8eW4FT0tA": {"y": 0.050335168254037665, "x": 0.6816435479482462, "radious": 0.6834994920427047}, "41aAHRyzYRKQhC": {"y": 0.540089794951691,